{
  "formatVersion": 1,
  "database": {
    "version": 1,
    "identityHash": "06b901de19c29dc2ad1cc6b7bfb9a041",
    "entities": [
      {
        "tableName": "Video",
        "createSql": "CREATE TABLE IF NOT EXISTS `${TABLE_NAME}` (`uri` TEXT NOT NULL, `lat` INTEGER NOT NULL, `time` TEXT NOT NULL, `date` TEXT NOT NULL, PRIMARY KEY(`uri`))",
        "fields": [
          {
            "fieldPath": "uri",
            "columnName": "uri",
            "affinity": "TEXT",
            "notNull": true
          },
          {
            "fieldPath": "lat",
            "columnName": "lat",
            "affinity": "INTEGER",
            "notNull": true
          },
          {
            "fieldPath": "time",
            "columnName": "time",
            "affinity": "TEXT",
            "notNull": true
          },
          {
            "fieldPath": "date",
            "columnName": "date",
            "affinity": "TEXT",
            "notNull": true
          }
        ],
        "primaryKey": {
          "columnNames": [
            "uri"
          ],
          "autoGenerate": false
        },
        "indices": [],
        "foreignKeys": []
      }
    ],
    "views": [],
    "setupQueries": [
      "CREATE TABLE IF NOT EXISTS room_master_table (id INTEGER PRIMARY KEY,identity_hash TEXT)",
      "INSERT OR REPLACE INTO room_master_table (id,identity_hash) VALUES(42, '06b901de19c29dc2ad1cc6b7bfb9a041')"
    ]
  }
}