{
  "formatVersion": 1,
  "database": {
    "version": 2,
    "identityHash": "0fd396b1716ef59bf72615120f99f72d",
    "entities": [
      {
        "tableName": "Video",
        "createSql": "CREATE TABLE IF NOT EXISTS `${TABLE_NAME}` (`uri` TEXT NOT NULL, `author` REAL NOT NULL, `image` REAL NOT NULL, `title` TEXT NOT NULL, `description` TEXT NOT NULL, PRIMARY KEY(`uri`))",
        "fields": [
          {
            "fieldPath": "uri",
            "columnName": "uri",
            "affinity": "TEXT",
            "notNull": true
          },
          {
            "fieldPath": "lat",
            "columnName": "author",
            "affinity": "REAL",
            "notNull": true
          },
          {
            "fieldPath": "longitude",
            "columnName": "image",
            "affinity": "REAL",
            "notNull": true
          },
          {
            "fieldPath": "time",
            "columnName": "title",
            "affinity": "TEXT",
            "notNull": true
          },
          {
            "fieldPath": "date",
            "columnName": "description",
            "affinity": "TEXT",
            "notNull": true
          }
        ],
        "primaryKey": {
          "columnNames": [
            "uri"
          ],
          "autoGenerate": false
        },
        "indices": [],
        "foreignKeys": []
      }
    ],
    "views": [],
    "setupQueries": [
      "CREATE TABLE IF NOT EXISTS room_master_table (id INTEGER PRIMARY KEY,identity_hash TEXT)",
      "INSERT OR REPLACE INTO room_master_table (id,identity_hash) VALUES(42, '0fd396b1716ef59bf72615120f99f72d')"
    ]
  }
}